id,url
1,http://www.aozora.gr.jp/cards/000081/files/2657_ruby_25167.zip
2,http://www.aozora.gr.jp/cards/000081/files/45471_ruby_35664.zip
3,http://www.aozora.gr.jp/cards/000081/files/50766_ruby_39740.zip
4,http://www.aozora.gr.jp/cards/000081/files/45652_ruby_35575.zip
5,http://www.aozora.gr.jp/cards/000081/files/51156_ruby_42518.zip
6,http://www.aozora.gr.jp/cards/000081/files/43753_ruby_17603.zip
7,http://www.aozora.gr.jp/cards/000081/files/460_ruby_1416.zip
8,http://www.aozora.gr.jp/cards/000081/files/45472_ruby_35665.zip
9,http://www.aozora.gr.jp/cards/000081/files/466_ruby_1478.zip
10,http://www.aozora.gr.jp/cards/000081/files/1085_ruby_4497.zip
11,http://www.aozora.gr.jp/cards/000081/files/1918_ruby_17985.zip
12,http://www.aozora.gr.jp/cards/000081/files/1918_ruby_17985.zip
13,http://www.aozora.gr.jp/cards/000081/files/45308_ruby_19307.zip
14,http://www.aozora.gr.jp/cards/000081/files/43759_ruby_17732.zip
15,http://www.aozora.gr.jp/cards/000081/files/1943_ruby_29612.zip
16,http://www.aozora.gr.jp/cards/000081/files/462_ruby_716.zip
17,http://www.aozora.gr.jp/cards/000081/files/455_ruby_1471.zip
18,http://www.aozora.gr.jp/cards/000081/files/43755_ruby_17604.zip
19,http://www.aozora.gr.jp/cards/000081/files/461_ruby_27797.zip
20,http://www.aozora.gr.jp/cards/000081/files/1919_ruby_17998.zip
21,http://www.aozora.gr.jp/cards/000081/files/1921_ruby_17598.zip
22,http://www.aozora.gr.jp/cards/000081/files/46606_ruby_29502.zip
23,http://www.aozora.gr.jp/cards/000081/files/43737_ruby_19028.zip
24,http://www.aozora.gr.jp/cards/000081/files/456_ruby_145.zip
25,http://www.aozora.gr.jp/cards/000081/files/1924_ruby_14067.zip
26,http://www.aozora.gr.jp/cards/000081/files/1946_ruby_11840.zip
27,http://www.aozora.gr.jp/cards/000081/files/4602_ruby_8285.zip
28,http://www.aozora.gr.jp/cards/000081/files/46601_ruby_32391.zip
29,http://www.aozora.gr.jp/cards/000081/files/50762_ruby_39497.zip
30,http://www.aozora.gr.jp/cards/000081/files/50763_ruby_39499.zip
31,http://www.aozora.gr.jp/cards/000081/files/45658_ruby_35347.zip
32,http://www.aozora.gr.jp/cards/000081/files/2656_ruby_29622.zip
33,http://www.aozora.gr.jp/cards/000081/files/469_ruby_19942.zip
34,http://www.aozora.gr.jp/cards/000081/files/2655_ruby_29623.zip
35,http://www.aozora.gr.jp/cards/000081/files/1937_ruby_18362.zip
36,http://www.aozora.gr.jp/cards/000081/files/43760_ruby_17733.zip
37,http://www.aozora.gr.jp/cards/000081/files/46602_ruby_32065.zip
38,http://www.aozora.gr.jp/cards/000081/files/45653_ruby_35577.zip
39,http://www.aozora.gr.jp/cards/000081/files/43757_ruby_17734.zip
40,http://www.aozora.gr.jp/cards/000081/files/470_ruby_3987.zip
41,http://www.aozora.gr.jp/cards/000081/files/50764_ruby_39500.zip
42,http://www.aozora.gr.jp/cards/000081/files/46603_ruby_32651.zip
43,http://www.aozora.gr.jp/cards/000081/files/4600_ruby_11839.zip
44,http://www.aozora.gr.jp/cards/000081/files/43754_ruby_17594.zip
45,http://www.aozora.gr.jp/cards/000081/files/43736_ruby_17601.zip
46,http://www.aozora.gr.jp/cards/000081/files/43734_ruby_17840.zip
47,http://www.aozora.gr.jp/cards/000081/files/4087_ruby_30728.zip
48,http://www.aozora.gr.jp/cards/000081/files/1949_ruby_18363.zip
49,http://www.aozora.gr.jp/cards/000081/files/43756_ruby_17596.zip
50,http://www.aozora.gr.jp/cards/000081/files/46607_ruby_33173.zip
51,http://www.aozora.gr.jp/cards/000081/files/45654_ruby_35391.zip
52,http://www.aozora.gr.jp/cards/000081/files/45655_ruby_35393.zip
53,http://www.aozora.gr.jp/cards/000081/files/45656_ruby_35392.zip
54,http://www.aozora.gr.jp/cards/000081/files/45657_ruby_35394.zip
55,http://www.aozora.gr.jp/cards/000081/files/454_ruby_635.zip
56,http://www.aozora.gr.jp/cards/000081/files/1936_ruby_18675.zip
57,http://www.aozora.gr.jp/cards/000081/files/4085_ruby_26040.zip
58,http://www.aozora.gr.jp/cards/000081/files/43752_ruby_17595.zip
59,http://www.aozora.gr.jp/cards/000081/files/1939_ruby_18676.zip
60,http://www.aozora.gr.jp/cards/000081/files/46608_ruby_31998.zip
61,http://www.aozora.gr.jp/cards/000081/files/2658_ruby_27444.zip
62,http://www.aozora.gr.jp/cards/000081/files/46604_ruby_34528.zip
63,http://www.aozora.gr.jp/cards/000081/files/45659_ruby_35578.zip
64,http://www.aozora.gr.jp/cards/000081/files/4086_ruby_24533.zip
65,http://www.aozora.gr.jp/cards/000081/files/2589_ruby_25128.zip
66,http://www.aozora.gr.jp/cards/000081/files/1920_ruby_17597.zip
67,http://www.aozora.gr.jp/cards/000081/files/459_ruby_5441.zip
68,http://www.aozora.gr.jp/cards/000081/files/50765_ruby_39498.zip
69,http://www.aozora.gr.jp/cards/000081/files/4601_ruby_8284.zip
70,http://www.aozora.gr.jp/cards/000081/files/33195_ruby_37370.zip
71,http://www.aozora.gr.jp/cards/000081/files/45309_ruby_21993.zip
72,http://www.aozora.gr.jp/cards/000081/files/1935_ruby_19924.zip
73,http://www.aozora.gr.jp/cards/000081/files/463_ruby_32309.zip
74,http://www.aozora.gr.jp/cards/000081/files/1938_ruby_18677.zip
75,http://www.aozora.gr.jp/cards/000081/files/4422_ruby_28804.zip
76,http://www.aozora.gr.jp/cards/000081/files/1922_ruby_17600.zip
77,http://www.aozora.gr.jp/cards/000081/files/45473_ruby_35666.zip
78,http://www.aozora.gr.jp/cards/000081/files/1077_ruby.zip
79,http://www.aozora.gr.jp/cards/000081/files/43758_ruby_17735.zip
80,http://www.aozora.gr.jp/cards/000081/files/46605_ruby_29758.zip
81,http://www.aozora.gr.jp/cards/000081/files/45679_ruby_21992.zip
82,http://www.aozora.gr.jp/cards/000081/files/473_ruby_467.zip
83,http://www.aozora.gr.jp/cards/000081/files/1116_ruby.zip